{
  "urls": [
    "xyloSounds.webm",
    "xyloSounds.mp3"
  ],
  "sprite": {
    "xylo1": [
      0,
      755.9863945578231
    ],
    "xylo2": [
      2000,
      961.609977324263
    ],
    "xylo3": [
      4000,
      491.38321995464815
    ],
    "xylo4": [
      6000,
      530.4535147392287
    ],
    "xylo5": [
      8000,
      547.913832199546
    ],
    "xylo6": [
      10000,
      564.1269841269842
    ],
    "xylo7": [
      12000,
      355.9637188208615
    ],
    "xylo8": [
      14000,
      484.6712018140593
    ],
    "xylo9": [
      16000,
      427.46031746031576
    ]
  }
}